<?xml version="1.0" encoding="UTF-8"?>
<?xml-stylesheet href="ejCDsParte1.xsl" type="text/xsl"?>
<CDs>
    <CD>
        <titulo foto="../imgs/circles_macmiller.jpg">Circles</titulo>
        <artista genero="masculino">Mac Miller</artista>
        <pais>EEUU</pais>
        <compania>REMember Music</compania>
        <precio>20€</precio>
        <fecha_publicacion>17 de Enero de 2020</fecha_publicacion>
        <genero>Rap</genero>
        <rating>9.9/10</rating>
    </CD>

    <CD>
        <titulo foto="../imgs/babi.png">Discografía completa</titulo>
        <artista genero="femenino">Babi</artista>
        <pais>España</pais>
        <compania>Youtube</compania>
        <precio>0€</precio>
        <fecha_publicacion>2018-2023</fecha_publicacion>
        <genero>Lo-fi, rap, trap</genero>
        <rating>7.5/10</rating>
    </CD>

    <CD>
        <titulo foto="../imgs/theDays.jpg">The days</titulo>
        <artista genero="masculino">Avicii</artista>
        <pais>Suecia</pais>
        <compania>Universal Music Group</compania>
        <precio>15€</precio>
        <fecha_publicacion>2014</fecha_publicacion>
        <genero>Electro-house</genero>
        <rating>8.2/10</rating>
    </CD>

    <CD>
        <titulo foto="../imgs/happier.jpg">Happier than ever</titulo>
        <artista genero="femenino">Billie Eilish</artista>
        <pais>EEUU</pais>
        <compania>Universal Music Group</compania>
        <precio>15€</precio>
        <fecha_publicacion>2021</fecha_publicacion>
        <genero>Pop</genero>
        <rating>9.7/10</rating>
    </CD>

    <CD>
        <titulo foto="../imgs/gaia.jpg">Gaia</titulo>
        <artista genero="mixto">Mägo de Oz</artista>
        <pais>España</pais>
        <compania>Locomotive Music</compania>
        <precio>15€</precio>
        <fecha_publicacion>2003</fecha_publicacion>
        <genero>Rock celta</genero>
        <rating>7.8/10</rating>
    </CD>

    <CD>
        <titulo foto="../imgs/garmarna.png">Vittrad</titulo>
        <artista genero="mixto">Garmarna</artista>
        <pais>Suecia</pais>
        <compania>World Fusion</compania>
        <precio>20€</precio>
        <fecha_publicacion>1994</fecha_publicacion>
        <genero>Folk sueco</genero>
        <rating>3.5/10</rating>
    </CD>
</CDs>